{
  "project_info": {
    "project_number": "889094878011",
    "firebase_url": "https://notification-af641-default-rtdb.firebaseio.com",
    "project_id": "notification-af641",
    "storage_bucket": "notification-af641.appspot.com"
  },
  "client": [
    {
      "client_info": {
        "mobilesdk_app_id": "1:889094878011:android:3080814813311a8e3d3d1e",
        "android_client_info": {
          "package_name": "com.example.allapplication"
        }
      },
      "oauth_client": [],
      "api_key": [
        {
          "current_key": "AIzaSyAorWJRI5fHj-zIlt1ne8obSRVe7H5JZr0"
        }
      ],
      "services": {
        "appinvite_service": {
          "other_platform_oauth_client": []
        }
      }
    },
    {
      "client_info": {
        "mobilesdk_app_id": "1:889094878011:android:2d419b42ce14ab433d3d1e",
        "android_client_info": {
          "package_name": "com.example.allapplicationfirebase"
        }
      },
      "oauth_client": [],
      "api_key": [
        {
          "current_key": "AIzaSyAorWJRI5fHj-zIlt1ne8obSRVe7H5JZr0"
        }
      ],
      "services": {
        "appinvite_service": {
          "other_platform_oauth_client": []
        }
      }
    }
  ],
  "configuration_version": "1"
}